Trial.ID,resp.pCR,resp.Chemosensitive,resp.Chemoresistant,RCB.score,RCB.category,Age.at.diagnosis,Histology,ER.status,HER2.status,LN.at.diagnosis,Grade.pre.chemotherapy,Size.at.diagnosis,ER.Allred,Chemo.NumCycles,Chemo.first.Taxane,Chemo.first.Anthracycline,Chemo.second.Taxane,Chemo.second.Anthracycline,Chemo.any.Anthracycline,Chemo.any.antiHER2,TP1,TP2,TP3,TP4,TP1,TP2,TP3,TP4,REC_TP,CURRENT_TP,FOLLOW_REC,PROP_TP1,PROP_TP2,PROP_TP3,PROP_TP4
T012,1,1,0,0.0,0,33,1,1,-1,1,3,132,3,6,1,0,0,1,1,0,0,1,0,0,0.437815605008848,0.48795066632529355,0.46977170977559307,0.47601876644793256,TP1,TP2,False,0.05415295525113811,0.9413619415651336,0.002508760071629662,0.001976343112098503
T029,0,0,0,2.066,2,53,1,1,1,-1,3,22,8,6,0,1,1,0,1,1,1,0,0,0,1.3434118115624212,1.437750015599292,1.3604004456210468,1.3666475022933862,TP1,TP1,True,0.5695587193842243,0.10716942918951901,0.30668131815002586,0.016590533276230803
T037,1,1,0,0.0,0,49,1,-1,-1,-1,3,31,1,6,1,0,0,1,1,0,0,1,0,0,0.6847649813941029,0.7846909710764833,0.7073414010982384,0.7135884577705779,TP1,TP2,False,0.0326557060588746,0.9308626946642518,0.00870424458412206,0.027777354692751624
T057,1,1,0,0.0,0,42,1,-1,-1,-1,3,46,0,6,1,0,0,1,1,0,0,1,0,0,0.628000625436201,0.7348633147531157,0.762450852771437,0.7686979094437765,TP1,TP2,False,0.03864702554121347,0.9375690864162712,0.005925016894086284,0.017858871148429045
T059,1,1,0,0.0,0,52,1,1,1,-1,3,18,6,6,0,1,1,0,1,1,1,0,0,0,1.119853425106177,1.214191629143048,1.136842059164803,1.1394716566345044,TP1,TP1,True,0.6286848949176503,0.11189716309259229,0.2424897825137491,0.016928159476008335
T066,0,0,0,2.77,2,52,1,1,-1,1,2,25,8,6,1,0,0,1,1,0,0,1,0,0,1.5521310747340558,1.6481788429509878,1.5708292729727427,1.577076329645082,TP1,TP2,False,0.019918099395967257,0.9766254418878906,0.002398557552503167,0.0010579011636389771
T132,0,0,0,1.54,2,47,1,1,1,-1,2,51,8,4,1,0,0,0,0,1,0,0,1,0,2.5770777021395013,2.7171071709003156,2.701769031255766,2.7080160879281054,TP1,TP3,False,0.7190433775520548,0.13700295567569773,0.13610949620089366,0.00784417057135373
T139,0,0,0,3.055,2,46,1,1,-1,-1,3,28,8,6,1,0,0,1,1,0,0,1,0,0,1.796177435272492,2.0185915059552895,1.9412419359770443,1.9474889926493837,TP1,TP2,False,0.014373122173970106,0.9581225019639356,0.021977307552249678,0.005527068309844594
T151,0,0,0,2.685,2,68,1,1,-1,1,3,46,8,6,1,0,0,1,1,0,0,1,0,0,3.934041865120027,3.8414694162534073,3.071623107890057,3.9108271430442096,TP3,TP2,False,0.02299508117614945,0.9444412530285472,0.016562313410442803,0.016001352384860498
T046,0,0,0,2.873,2,65,1,1,-1,1,3,20,8,6,1,0,0,1,1,0,0,1,0,0,2.965741852320049,2.964464047236396,2.9117842241184113,3.038162062653652,TP3,TP2,False,0.05849482172865996,0.9217476693956398,0.00905788765532516,0.01069962122037517
T076,0,1,0,0.892,1,54,1,-1,1,-1,2,32,0,6,0,1,1,0,1,1,1,0,0,0,0.33875938956241325,0.37844751059402437,0.38626143152004605,0.469569384862194,TP1,TP1,True,0.44642873281224454,0.18431688924567752,0.2968828755274516,0.07237150241462634
T123,0,0,0,1.98,2,53,1,-1,-1,1,3,38,0,7,1,0,0,1,1,0,0,1,0,0,-0.149332151877343,-0.13014119692910767,-0.10800931576025884,-0.010520072370635764,TP1,TP2,False,0.06796598280611627,0.917205781419727,0.0016987309994649796,0.013129504774691898
T130,0,0,0,1.623,2,68,1,-1,-1,1,3,38,0,7,1,0,0,1,1,0,0,1,0,0,0.9079753000347841,0.9592015426056696,0.9813334237745185,1.1058813201207314,TP1,TP2,False,0.07063324226136948,0.8599558551864994,0.0034887525024179353,0.06592215004971315
T141,0,0,0,1.799,2,39,1,1,-1,-1,3,28,7,6,1,0,0,1,1,0,0,1,0,0,0.30741966298063184,0.5005012983633692,0.42078100567747895,0.4787526808127568,TP1,TP2,False,0.023003647667631907,0.9643494881752446,0.010316455383065422,0.0023304087740581778
T161,0,0,1,3.956,3,55,1,1,-1,1,3,67,8,6,1,0,0,1,1,0,0,1,0,0,2.26493728319967,2.1142477395417494,1.9943786943199497,2.1698479081366497,TP3,TP2,False,0.0401285232971799,0.9432543823171573,0.010937857854497007,0.0056792365311658585
T189,0,0,1,3.395,3,39,1,1,-1,1,3,52,8,6,1,0,0,1,1,0,0,1,0,0,1.328142956575922,1.1827543081285943,1.1415279817327355,1.2356298158078418,TP3,TP2,False,0.04045708531505095,0.9548633324670145,0.0038513094065391732,0.0008282728113952124
A042,0,0,0,0.946,1,50,0,-1,-1,-1,3,22,0,6,1,0,0,1,1,0,0,1,0,0,1.6992169777590544,1.7674479797123819,1.7769765967220512,1.8509944652142878,TP1,TP2,False,0.014137788002143985,0.970417064784232,0.002058842023408281,0.013386305190215752
A057,0,0,0,1.518,2,54,1,1,-1,1,2,32,8,6,1,0,0,1,1,0,0,1,0,0,1.9911863893284252,2.007546786124583,1.931417093014067,2.0887983099127587,TP3,TP2,False,0.009395636455859734,0.9782219283555559,0.010443547403894922,0.0019388877846895159
T015,0,0,0,1.508,2,57,1,-1,-1,-1,3,33,0,6,1,0,0,1,1,0,0,1,0,0,0.9883125755911225,1.0591506788392546,1.0334125522547242,1.0334125522547242,TP1,TP2,False,0.03120902876642104,0.9641513272227887,0.003640643011789195,0.0009990009990009992
T016,0,0,1,3.773,3,56,0,1,-1,1,2,66,8,6,1,0,0,1,1,0,0,1,0,0,3.8897851963431695,3.8614404172472168,3.1647679085788547,3.8614404172472168,TP3,TP2,False,0.0019140138400635942,0.9878338926639,0.009253092497035502,0.000999000999000999
T041,0,0,0,2.068,2,44,1,1,-1,-1,3,31,8,6,1,0,0,1,1,0,0,1,0,0,-0.18332556851211526,0.22314895527083903,0.2384610470562236,0.2384610470562236,TP1,TP2,False,0.024243120899175963,0.9566025655004832,0.01815531260134008,0.0009990009990009994
T114,0,0,0,1.807,2,62,1,-1,1,1,3,49,0,6,0,1,1,0,1,1,1,0,0,0,1.4696598675244155,1.1322703952136632,1.4284933955056283,1.4284933955056283,TP2,TP1,False,0.8868194986803998,0.09464050035404689,0.01754099996655239,0.0009990009990009992
T195,0,1,0,1.341,1,74,1,-1,-1,-1,3,40,0,4,1,0,0,0,0,0,0,0,0,1,0.371246959536194,0.05244365585687744,0.3486666561488423,0.3486666561488423,TP2,TP4,False,0.016795760270454888,0.9769462415840573,0.005258997146487015,0.0009990009990009992
T203,0,0,0,3.151,2,48,0,1,-1,-1,3,35,8,6,1,0,0,1,1,0,0,1,0,0,0.6740468592573394,1.0584156051832352,1.07372769696862,1.07372769696862,TP1,TP2,False,0.008433809785041373,0.9794815853899761,0.011085603825981569,0.0009990009990009992
A767,0,0,0,1.636,2,57,1,1,-1,-1,3,21,3,6,1,0,0,1,1,0,0,1,0,0,0.41252423483633377,0.5169913008301298,0.4759410824602149,0.4759410824602149,TP1,TP2,False,0.03129798101265972,0.9569821772411493,0.010720840747190024,0.0009990009990009992
T207,1,1,0,0.0,0,61,1,-1,1,1,3,97,0,7,1,0,0,1,1,1,1,0,0,0,1.239496965374483,0.9021074930637307,1.198330493355696,1.198330493355696,TP2,TP1,False,0.604872020771205,0.30874222170526217,0.08538675652453195,0.0009990009990009992
T218,0,0,0,3.072,2,40,1,1,1,1,3,34,8,7,1,0,0,1,1,1,1,0,0,0,0.06434055629680564,0.47159543510604657,0.486907526891431,0.486907526891431,TP1,TP1,True,0.889787859027405,0.06378667930240221,0.045426460671191944,0.0009990009990009992
T002,1,1,0,0.0,0,42,1,1,-1,1,2,98,7,6,1,0,0,1,1,0,0,1,0,0,3.0348449078308346,2.9047715441495496,2.942490754789104,2.942490754789104,TP2,TP2,True,0.004482355800366201,0.9438766697507059,0.05080078276046365,0.0008401916884643165
T047,0,0,0,2.795,2,58,1,1,-1,-1,2,51,8,6,1,0,0,1,1,0,0,1,0,0,2.6711766575976794,2.6496350972844827,2.4781190740116825,2.6496350972844827,TP3,TP2,False,0.011518965426335483,0.8242737272781655,0.1397176711482603,0.024489636147238546
T092,0,1,0,1.169,1,53,1,-1,1,1,3,46,0,6,0,1,1,0,1,1,1,0,0,0,1.5615426584673981,1.5748618010720095,1.5748618010720095,1.5748618010720095,TP1,TP1,True,0.9400458745501897,0.04959286872360971,0.0034846453847291064,0.006876611341471487
T104,1,1,0,0.0,0,53,1,-1,-1,1,3,40,0,6,1,0,0,1,1,0,0,1,0,0,1.8448199713505022,1.8581391139551136,1.8581391139551136,1.8581391139551136,TP1,TP2,False,0.03768830320276924,0.951275359189028,0.0010589615580175037,0.00997737605018521
T142,1,1,0,0.0,0,42,1,1,1,1,3,31,8,7,1,0,0,1,1,1,1,0,0,0,3.0453662126831,2.8553855848364007,2.9391681897021567,2.9391681897021567,TP2,TP1,False,0.859648630108765,0.1240842086030795,0.01542608778158949,0.0008410735065660429
T212,0,0,0,1.482,2,74,1,-1,-1,-1,3,26,0,6,1,0,0,1,1,0,0,1,0,0,1.921657920608861,1.965613112622282,1.9001163602956648,1.8579103001806614,TP4,TP2,False,0.059046669818637335,0.4755151936007794,0.00339125283176742,0.4620468837488159
A292,0,0,0,1.696,2,49,1,1,-1,-1,2,58,8,6,1,0,0,1,1,0,0,1,0,0,1.8619601536550938,1.8619601536550938,1.6904441303822937,1.8619601536550938,TP3,TP2,False,0.00843753119015064,0.8563293075526556,0.12718073187482778,0.008052429382365991
T206,0,1,0,1.331,1,55,1,1,1,-1,3,36,8,4,1,0,0,0,0,1,0,0,1,0,2.122593189680924,2.122593189680924,2.122593189680924,2.122593189680924,TP1,TP3,False,0.8744263928994285,0.05802504924725357,0.05296975770207798,0.014578800151239883
T014,1,1,0,0.0,0,40,1,1,1,-1,3,38,8,6,0,1,1,0,1,1,1,0,0,0,3.100511853979565,3.2060860863703806,3.0078589236799456,3.1396761252158405,TP3,TP1,False,0.6239914196405513,0.10320424062275743,0.26855397080248944,0.004250368934201999
T116,0,0,1,3.374,3,66,1,1,1,1,3,25,8,6,0,1,1,0,1,1,1,0,0,0,1.9899771482740904,2.3419129050334115,1.862805071831463,2.009256632007567,TP3,TP1,False,0.8320988806485164,0.07052871956171432,0.08536247041559579,0.012009929374173393
T128,1,1,0,0.0,0,55,1,-1,1,1,3,33,2,6,0,1,1,0,1,1,1,0,0,0,1.162069525584419,1.2062136353751105,1.0279966670775784,1.162069525584419,TP3,TP1,False,0.9487492565270875,0.037019692079242064,0.007694225627598902,0.006536825766071529
T138,0,0,0,1.568,2,38,0,1,-1,1,3,43,8,6,1,0,0,1,1,0,0,1,0,0,2.7660218074656258,2.7244118909749053,2.709131318363344,2.805186078701902,TP3,TP2,False,0.006938912135579935,0.9911643185651013,0.0016453108909399302,0.00025145840837878937
T177,0,1,0,1.014,1,49,1,1,-1,-1,3,35,8,7,1,0,0,1,1,0,0,1,0,0,2.139008462779422,2.6035026645663186,2.0071912612435265,2.139008462779422,TP3,TP2,False,0.013575902884255473,0.9556012201070625,0.024163116770470852,0.006659760238211117
A010,1,0,0,0.0,0,42,1,1,-1,-1,3,22,8,6,1,0,0,1,1,0,0,1,0,0,2.073708732921195,2.480854324361728,1.9960822551546562,2.105920185641004,TP3,TP2,False,0.014846735894266471,0.9680953392294933,0.01440016328610274,0.0026577615901375237
A014,0,0,0,3.677,3,63,0,1,-1,1,2,47,8,6,1,0,0,1,1,0,0,1,0,0,2.6615807198375023,2.965475307342327,2.5698022892030887,2.6398094432742556,TP3,TP2,False,0.0036998774847942246,0.9865207359069823,0.007366205175192799,0.0024131814330306854
A637,0,0,0,0.947,1,65,1,-1,-1,1,3,38,0,6,1,0,0,1,1,0,0,1,0,0,2.042310806135363,2.0116231166713137,1.8870781096139515,2.069892038362491,TP3,TP2,False,0.05888445041170746,0.9011667140923649,0.0016723516614956292,0.03827648383443202
